{"cameraMode":{"drawMode":0,"name":"Shaded","section":"Shading Mode"},"sceneLighting":false,"audioPlay":false,"sceneViewState":{"m_AlwaysRefresh":true,"showFog":true,"showSkybox":false,"showFlares":true,"showImageEffects":true,"showParticleSystems":true,"showVisualEffectGraphs":true,"m_FxEnabled":true},"in2DMode":false,"pivot":{"x":0.04673391580581665,"y":1.2192063331604005,"z":-0.03353065252304077},"rotation":{"x":0.010196263901889325,"y":-0.9608784914016724,"z":0.27454674243927,"w":0.03566884249448776},"size":1.329041600227356,"orthographic":false}