{"cameraMode":{"drawMode":0,"name":"Shaded","section":"Shading Mode"},"sceneLighting":false,"audioPlay":false,"sceneViewState":{"m_AlwaysRefresh":true,"showFog":true,"showSkybox":false,"showFlares":true,"showImageEffects":true,"showParticleSystems":true,"showVisualEffectGraphs":true,"m_FxEnabled":true},"in2DMode":false,"pivot":{"x":-0.2464914321899414,"y":1.9461804628372193,"z":0.44595181941986086},"rotation":{"x":-0.05467251315712929,"y":-0.9209005236625671,"z":0.13993927836418153,"w":-0.3597202003002167},"size":1.1026496887207032,"orthographic":false}