{"cameraMode":{"drawMode":0,"name":"Shaded","section":"Shading Mode"},"sceneLighting":false,"audioPlay":false,"sceneViewState":{"m_AlwaysRefresh":true,"showFog":true,"showSkybox":false,"showFlares":true,"showImageEffects":true,"showParticleSystems":true,"showVisualEffectGraphs":true,"m_FxEnabled":true},"in2DMode":false,"pivot":{"x":4.727107524871826,"y":-1.6061668395996094,"z":-6.573692321777344},"rotation":{"x":0.0015945011982694269,"y":-0.997124195098877,"z":0.07272840291261673,"w":0.022047584876418115},"size":1.4495381116867066,"orthographic":false}