{"cameraMode":{"drawMode":0,"name":"Shaded","section":"Shading Mode"},"sceneLighting":false,"audioPlay":false,"sceneViewState":{"m_AlwaysRefresh":true,"showFog":true,"showSkybox":false,"showFlares":true,"showImageEffects":true,"showParticleSystems":true,"showVisualEffectGraphs":true,"m_FxEnabled":true},"in2DMode":false,"pivot":{"x":0.025099191814661027,"y":0.4883866310119629,"z":0.9456986784934998},"rotation":{"x":0.04991202801465988,"y":-0.6805605888366699,"z":0.04655928164720535,"w":0.7295215725898743},"size":1.1026496887207032,"orthographic":false}