{"cameraMode":{"drawMode":0,"name":"Shaded","section":"Shading Mode"},"sceneLighting":false,"audioPlay":false,"sceneViewState":{"m_AlwaysRefresh":true,"showFog":true,"showSkybox":false,"showFlares":true,"showImageEffects":true,"showParticleSystems":true,"showVisualEffectGraphs":true,"m_FxEnabled":true},"in2DMode":false,"pivot":{"x":6.837813377380371,"y":5.7456583976745609,"z":-20.689273834228517},"rotation":{"x":0.10305768251419068,"y":-0.039095547050237659,"z":0.021058060228824617,"w":-0.9956391453742981},"size":13.608617782592774,"orthographic":false}