{"cameraMode":{"drawMode":0,"name":"Shaded","section":"Shading Mode"},"sceneLighting":false,"audioPlay":false,"sceneViewState":{"m_AlwaysRefresh":true,"showFog":true,"showSkybox":false,"showFlares":true,"showImageEffects":true,"showParticleSystems":true,"showVisualEffectGraphs":true,"m_FxEnabled":true},"in2DMode":false,"pivot":{"x":7.5298357009887699,"y":7.2325215339660648,"z":-0.6717034578323364},"rotation":{"x":0.2919456958770752,"y":-0.6130362153053284,"z":0.22713273763656617,"w":0.7007327079772949},"size":0.0012173204449936748,"orthographic":false}