{"cameraMode":{"drawMode":0,"name":"Shaded","section":"Shading Mode"},"sceneLighting":false,"audioPlay":false,"sceneViewState":{"m_AlwaysRefresh":true,"showFog":true,"showSkybox":false,"showFlares":true,"showImageEffects":true,"showParticleSystems":true,"showVisualEffectGraphs":true,"m_FxEnabled":true},"in2DMode":false,"pivot":{"x":0.00006651878356933594,"y":2.4563162326812746,"z":0.00010061264038085938},"rotation":{"x":0.023782901465892793,"y":-0.03512230142951012,"z":0.0011579414131119848,"w":0.9992622137069702},"size":4.49459981918335,"orthographic":false}