{"cameraMode":{"drawMode":0,"name":"Shaded","section":"Shading Mode"},"sceneLighting":false,"audioPlay":false,"sceneViewState":{"m_AlwaysRefresh":true,"showFog":true,"showSkybox":false,"showFlares":true,"showImageEffects":true,"showParticleSystems":true,"showVisualEffectGraphs":true,"m_FxEnabled":true},"in2DMode":false,"pivot":{"x":-12.153778076171875,"y":2.1408865451812746,"z":0.5256215929985046},"rotation":{"x":-0.22387981414794923,"y":0.01245552022010088,"z":-0.002871040953323245,"w":-0.9745496511459351},"size":0.8660283088684082,"orthographic":false}