{"cameraMode":{"drawMode":0,"name":"Shaded","section":"Shading Mode"},"sceneLighting":false,"audioPlay":false,"sceneViewState":{"m_AlwaysRefresh":true,"showFog":true,"showSkybox":false,"showFlares":true,"showImageEffects":true,"showParticleSystems":true,"showVisualEffectGraphs":true,"m_FxEnabled":true},"in2DMode":false,"pivot":{"x":-0.010005747899413109,"y":0.19781066477298737,"z":-4.096707344055176},"rotation":{"x":-0.001912949257530272,"y":-0.99278324842453,"z":0.11901283264160156,"w":-0.01596469059586525},"size":3.3695387840270998,"orthographic":false}