{"cameraMode":{"drawMode":0,"name":"Shaded","section":"Shading Mode"},"sceneLighting":false,"audioPlay":false,"sceneViewState":{"m_AlwaysRefresh":true,"showFog":true,"showSkybox":false,"showFlares":true,"showImageEffects":true,"showParticleSystems":true,"showVisualEffectGraphs":true,"m_FxEnabled":true},"in2DMode":false,"pivot":{"x":-1.5959404706954957,"y":-0.004868147429078817,"z":-1.9765520095825196},"rotation":{"x":0.004748383071273565,"y":-0.9728459715843201,"z":0.019745565950870515,"w":0.23077821731567384},"size":2.3218278884887697,"orthographic":false}