{"cameraMode":{"drawMode":0,"name":"Shaded","section":"Shading Mode"},"sceneLighting":false,"audioPlay":false,"sceneViewState":{"m_AlwaysRefresh":true,"showFog":true,"showSkybox":false,"showFlares":true,"showImageEffects":true,"showParticleSystems":true,"showVisualEffectGraphs":true,"m_FxEnabled":true},"in2DMode":false,"pivot":{"x":-3.8633551597595217,"y":0.14231695234775544,"z":0.7400095462799072},"rotation":{"x":0.060726046562194827,"y":-0.7580040693283081,"z":0.07132266461849213,"w":0.645516037940979},"size":3.3695387840270998,"orthographic":false}