{"cameraMode":{"drawMode":0,"name":"Shaded","section":"Shading Mode"},"sceneLighting":false,"audioPlay":false,"sceneViewState":{"m_AlwaysRefresh":true,"showFog":true,"showSkybox":false,"showFlares":true,"showImageEffects":true,"showParticleSystems":true,"showVisualEffectGraphs":true,"m_FxEnabled":true},"in2DMode":false,"pivot":{"x":-2.825019121170044,"y":-0.4346565902233124,"z":-0.5502352118492127},"rotation":{"x":0.04607876017689705,"y":-0.8000578284263611,"z":0.06198124587535858,"w":0.5949602127075195},"size":2.9527156352996828,"orthographic":false}