{"cameraMode":{"drawMode":0,"name":"Shaded","section":"Shading Mode"},"sceneLighting":false,"audioPlay":false,"sceneViewState":{"m_AlwaysRefresh":true,"showFog":true,"showSkybox":false,"showFlares":true,"showImageEffects":true,"showParticleSystems":true,"showVisualEffectGraphs":true,"m_FxEnabled":true},"in2DMode":false,"pivot":{"x":-0.3184760808944702,"y":1.2914997339248658,"z":-0.15877127647399903},"rotation":{"x":-0.0284279715269804,"y":0.9937233924865723,"z":0.011798727326095105,"w":0.12385939061641693},"size":1.4291527271270753,"orthographic":false}