{"cameraMode":{"drawMode":0,"name":"Shaded","section":"Shading Mode"},"sceneLighting":false,"audioPlay":false,"sceneViewState":{"m_AlwaysRefresh":true,"showFog":true,"showSkybox":false,"showFlares":true,"showImageEffects":true,"showParticleSystems":true,"showVisualEffectGraphs":true,"m_FxEnabled":true},"in2DMode":false,"pivot":{"x":0.07627370953559876,"y":-0.01086866669356823,"z":-0.015644440427422525},"rotation":{"x":0.005018556956201792,"y":-0.9885415434837341,"z":0.14718981087207795,"w":0.03372776135802269},"size":0.32825079560279848,"orthographic":false}