{"cameraMode":{"drawMode":0,"name":"Shaded","section":"Shading Mode"},"sceneLighting":false,"audioPlay":false,"sceneViewState":{"m_AlwaysRefresh":true,"showFog":true,"showSkybox":false,"showFlares":true,"showImageEffects":true,"showParticleSystems":true,"showVisualEffectGraphs":true,"m_FxEnabled":true},"in2DMode":false,"pivot":{"x":-0.17782413959503175,"y":1.305182933807373,"z":-0.011517524719238282},"rotation":{"x":-0.08253783732652664,"y":0.8567945957183838,"z":-0.08318273723125458,"w":-0.5050581693649292},"size":1.0325652360916138,"orthographic":false}