{"cameraMode":{"drawMode":0,"name":"Shaded","section":"Shading Mode"},"sceneLighting":false,"audioPlay":false,"sceneViewState":{"m_AlwaysRefresh":true,"showFog":true,"showSkybox":false,"showFlares":true,"showImageEffects":true,"showParticleSystems":true,"showVisualEffectGraphs":true,"m_FxEnabled":true},"in2DMode":false,"pivot":{"x":0.022341568022966386,"y":0.1371927410364151,"z":0.13826265931129456},"rotation":{"x":0.0443742461502552,"y":0.16159455478191377,"z":-0.0340830534696579,"w":0.9872574210166931},"size":0.9192817807197571,"orthographic":false}