{"cameraMode":{"drawMode":0,"name":"Shaded","section":"Shading Mode"},"sceneLighting":false,"audioPlay":false,"sceneViewState":{"m_AlwaysRefresh":true,"showFog":true,"showSkybox":false,"showFlares":true,"showImageEffects":true,"showParticleSystems":true,"showVisualEffectGraphs":true,"m_FxEnabled":true},"in2DMode":false,"pivot":{"x":11.378000259399414,"y":1.1200000047683716,"z":-9.0600004196167},"rotation":{"x":0.21503427624702454,"y":-0.02703861892223358,"z":0.005954674445092678,"w":0.9762251377105713},"size":0.8660253882408142,"orthographic":false}