{"cameraMode":{"drawMode":0,"name":"Shaded","section":"Shading Mode"},"sceneLighting":false,"audioPlay":false,"sceneViewState":{"m_AlwaysRefresh":true,"showFog":true,"showSkybox":false,"showFlares":true,"showImageEffects":true,"showParticleSystems":true,"showVisualEffectGraphs":true,"m_FxEnabled":true},"in2DMode":false,"pivot":{"x":2.5989253520965578,"y":1.978386402130127,"z":0.7071285247802734},"rotation":{"x":-0.09759017825126648,"y":0.7810826897621155,"z":-0.12632137537002564,"w":-0.6037280559539795},"size":0.15811389684677125,"orthographic":false}