{"cameraMode":{"drawMode":0,"name":"Shaded","section":"Shading Mode"},"sceneLighting":false,"audioPlay":false,"sceneViewState":{"m_AlwaysRefresh":true,"showFog":true,"showSkybox":false,"showFlares":true,"showImageEffects":true,"showParticleSystems":true,"showVisualEffectGraphs":true,"m_FxEnabled":true},"in2DMode":false,"pivot":{"x":0.02106352150440216,"y":0.2988765239715576,"z":0.2948644161224365},"rotation":{"x":0.0036452210042625667,"y":0.9719915986061096,"z":-0.2345772236585617,"w":0.015050369314849377},"size":0.8706687092781067,"orthographic":false}