{"cameraMode":{"drawMode":0,"name":"Shaded","section":"Shading Mode"},"sceneLighting":false,"audioPlay":false,"sceneViewState":{"m_AlwaysRefresh":true,"showFog":true,"showSkybox":false,"showFlares":true,"showImageEffects":true,"showParticleSystems":true,"showVisualEffectGraphs":true,"m_FxEnabled":true},"in2DMode":false,"pivot":{"x":-0.030340200290083886,"y":0.6646471619606018,"z":0.1559833437204361},"rotation":{"x":-0.00011321305646561086,"y":0.9922996759414673,"z":-0.12399083375930786,"w":-0.0010078902123495937},"size":0.8706687092781067,"orthographic":false}