{"cameraMode":{"drawMode":0,"name":"Shaded","section":"Shading Mode"},"sceneLighting":false,"audioPlay":false,"sceneViewState":{"m_AlwaysRefresh":true,"showFog":true,"showSkybox":false,"showFlares":true,"showImageEffects":true,"showParticleSystems":true,"showVisualEffectGraphs":true,"m_FxEnabled":true},"in2DMode":false,"pivot":{"x":-0.09495759010314942,"y":0.5495758056640625,"z":0.27382171154022219},"rotation":{"x":0.1558268815279007,"y":0.6470654606819153,"z":-0.13745282590389253,"w":0.7335917353630066},"size":0.8706687092781067,"orthographic":false}