{"cameraMode":{"drawMode":0,"name":"Shaded","section":"Shading Mode"},"sceneLighting":false,"audioPlay":false,"sceneViewState":{"m_AlwaysRefresh":true,"showFog":true,"showSkybox":false,"showFlares":true,"showImageEffects":true,"showParticleSystems":true,"showVisualEffectGraphs":true,"m_FxEnabled":true},"in2DMode":false,"pivot":{"x":-0.004544928669929504,"y":0.6267915964126587,"z":0.03555123135447502},"rotation":{"x":-0.0008322341600432992,"y":-0.9990819692611694,"z":0.036791250109672549,"w":-0.02287740632891655},"size":1.1593581438064576,"orthographic":false}