{"cameraMode":{"drawMode":0,"name":"Shaded","section":"Shading Mode"},"sceneLighting":false,"audioPlay":false,"sceneViewState":{"m_AlwaysRefresh":true,"showFog":true,"showSkybox":false,"showFlares":true,"showImageEffects":true,"showParticleSystems":true,"showVisualEffectGraphs":true,"m_FxEnabled":true},"in2DMode":false,"pivot":{"x":-0.42967289686203005,"y":0.15656843781471253,"z":-1.40342116355896},"rotation":{"x":0.006858861073851585,"y":-0.9863544702529907,"z":0.1589839607477188,"w":0.04254410043358803},"size":1.382871389389038,"orthographic":false}