{"cameraMode":{"drawMode":0,"name":"Shaded","section":"Shading Mode"},"sceneLighting":false,"audioPlay":false,"sceneViewState":{"m_AlwaysRefresh":true,"showFog":true,"showSkybox":false,"showFlares":true,"showImageEffects":true,"showParticleSystems":true,"showVisualEffectGraphs":true,"m_FxEnabled":true},"in2DMode":false,"pivot":{"x":-15.062751770019532,"y":2.021942138671875,"z":1.881521463394165},"rotation":{"x":0.0030556819401681425,"y":0.7718909382820129,"z":-0.003713345155119896,"w":0.6357549428939819},"size":0.8660283088684082,"orthographic":false}