{"cameraMode":{"drawMode":0,"name":"Shaded","section":"Shading Mode"},"sceneLighting":false,"audioPlay":false,"sceneViewState":{"m_AlwaysRefresh":true,"showFog":true,"showSkybox":false,"showFlares":true,"showImageEffects":true,"showParticleSystems":true,"showVisualEffectGraphs":true,"m_FxEnabled":true},"in2DMode":false,"pivot":{"x":0.5098642110824585,"y":0.5080241560935974,"z":0.2673567235469818},"rotation":{"x":0.02125844731926918,"y":0.9713558554649353,"z":-0.0953122228384018,"w":0.21669045090675355},"size":0.8660283088684082,"orthographic":false}