{"cameraMode":{"drawMode":0,"name":"Shaded","section":"Shading Mode"},"sceneLighting":false,"audioPlay":false,"sceneViewState":{"m_AlwaysRefresh":true,"showFog":true,"showSkybox":false,"showFlares":true,"showImageEffects":true,"showParticleSystems":true,"showVisualEffectGraphs":true,"m_FxEnabled":true},"in2DMode":false,"pivot":{"x":-0.12703442573547364,"y":1.6696144342422486,"z":0.11855024844408035},"rotation":{"x":0.05190890654921532,"y":0.9242467880249023,"z":-0.13570784032344819,"w":0.35315272212028506},"size":0.935218870639801,"orthographic":false}