{"cameraMode":{"drawMode":0,"name":"Shaded","section":"Shading Mode"},"sceneLighting":false,"audioPlay":false,"sceneViewState":{"m_AlwaysRefresh":true,"showFog":true,"showSkybox":false,"showFlares":true,"showImageEffects":true,"showParticleSystems":true,"showVisualEffectGraphs":true,"m_FxEnabled":true},"in2DMode":false,"pivot":{"x":-0.06091618537902832,"y":-0.011216521263122559,"z":-0.03476059436798096},"rotation":{"x":-0.08826234936714173,"y":0.7985784411430359,"z":-0.07032950222492218,"w":-0.5936729907989502},"size":1.4255998134613038,"orthographic":false}