{"cameraMode":{"drawMode":0,"name":"Shaded","section":"Shading Mode"},"sceneLighting":false,"audioPlay":false,"sceneViewState":{"m_AlwaysRefresh":true,"showFog":true,"showSkybox":false,"showFlares":true,"showImageEffects":true,"showParticleSystems":true,"showVisualEffectGraphs":true,"m_FxEnabled":true},"in2DMode":false,"pivot":{"x":0.665798008441925,"y":1.3917551040649415,"z":-0.6311196088790894},"rotation":{"x":-0.0002727632818277925,"y":0.9923324584960938,"z":0.002174034481868148,"w":0.12366943061351776},"size":1.1026496887207032,"orthographic":false}