{"cameraMode":{"drawMode":0,"name":"Shaded","section":"Shading Mode"},"sceneLighting":false,"audioPlay":false,"sceneViewState":{"m_AlwaysRefresh":true,"showFog":true,"showSkybox":false,"showFlares":true,"showImageEffects":true,"showParticleSystems":true,"showVisualEffectGraphs":true,"m_FxEnabled":true},"in2DMode":false,"pivot":{"x":-0.6110665798187256,"y":0.32186228036880495,"z":-0.05413341522216797},"rotation":{"x":0.1985718011856079,"y":-0.17745408415794373,"z":0.03658226132392883,"w":0.9632044434547424},"size":1.1026496887207032,"orthographic":false}