{"cameraMode":{"drawMode":0,"name":"Shaded","section":"Shading Mode"},"sceneLighting":false,"audioPlay":false,"sceneViewState":{"m_AlwaysRefresh":true,"showFog":true,"showSkybox":false,"showFlares":true,"showImageEffects":true,"showParticleSystems":true,"showVisualEffectGraphs":true,"m_FxEnabled":true},"in2DMode":false,"pivot":{"x":0.00002956390380859375,"y":0.3982992172241211,"z":0.000095367431640625},"rotation":{"x":-0.017708683386445047,"y":0.07347896695137024,"z":-0.0020323621574789287,"w":-0.9974119663238525},"size":4.203463554382324,"orthographic":false}