{"cameraMode":{"drawMode":0,"name":"Shaded","section":"Shading Mode"},"sceneLighting":false,"audioPlay":false,"sceneViewState":{"m_AlwaysRefresh":true,"showFog":true,"showSkybox":false,"showFlares":true,"showImageEffects":true,"showParticleSystems":true,"showVisualEffectGraphs":true,"m_FxEnabled":true},"in2DMode":false,"pivot":{"x":-0.1699758768081665,"y":0.9202666282653809,"z":-0.030956625938415529},"rotation":{"x":0.2573508024215698,"y":-0.438715398311615,"z":0.10816396027803421,"w":0.8561965823173523},"size":2.776538133621216,"orthographic":false}