{"cameraMode":{"drawMode":0,"name":"Shaded","section":"Shading Mode"},"sceneLighting":false,"audioPlay":false,"sceneViewState":{"m_AlwaysRefresh":true,"showFog":true,"showSkybox":false,"showFlares":true,"showImageEffects":true,"showParticleSystems":true,"showVisualEffectGraphs":true,"m_FxEnabled":true},"in2DMode":false,"pivot":{"x":0.0037349462509155275,"y":-0.9515523910522461,"z":-0.008145853877067566},"rotation":{"x":-0.1391255408525467,"y":0.8062688112258911,"z":-0.14990964531898499,"w":-0.5576752424240112},"size":1.46995210647583,"orthographic":false}