{"cameraMode":{"drawMode":0,"name":"Shaded","section":"Shading Mode"},"sceneLighting":false,"audioPlay":false,"sceneViewState":{"m_AlwaysRefresh":true,"showFog":true,"showSkybox":false,"showFlares":true,"showImageEffects":true,"showParticleSystems":true,"showVisualEffectGraphs":true,"m_FxEnabled":true},"in2DMode":false,"pivot":{"x":-0.026773512363433839,"y":0.17253918945789338,"z":0.005783643573522568},"rotation":{"x":0.2573508024215698,"y":-0.438715398311615,"z":0.10816396027803421,"w":0.8561965823173523},"size":0.6853264570236206,"orthographic":false}