{"cameraMode":{"drawMode":0,"name":"Shaded","section":"Shading Mode"},"sceneLighting":false,"audioPlay":false,"sceneViewState":{"m_AlwaysRefresh":true,"showFog":true,"showSkybox":false,"showFlares":true,"showImageEffects":true,"showParticleSystems":true,"showVisualEffectGraphs":true,"m_FxEnabled":true},"in2DMode":false,"pivot":{"x":0.0020208358764648439,"y":-1.3099347352981568,"z":-0.00744938850402832},"rotation":{"x":0.02706070803105831,"y":0.8172597885131836,"z":-0.07419875264167786,"w":0.573962926864624},"size":2.1978633403778078,"orthographic":false}