{"cameraMode":{"drawMode":0,"name":"Shaded","section":"Shading Mode"},"sceneLighting":false,"audioPlay":false,"sceneViewState":{"m_AlwaysRefresh":true,"showFog":true,"showSkybox":false,"showFlares":true,"showImageEffects":true,"showParticleSystems":true,"showVisualEffectGraphs":true,"m_FxEnabled":true},"in2DMode":false,"pivot":{"x":0.05956205725669861,"y":-0.4095940589904785,"z":-5.749709606170654},"rotation":{"x":-0.0011136922985315323,"y":0.9829604029655457,"z":-0.18426525592803956,"w":-0.006531016435474157},"size":4.811493873596191,"orthographic":false}