{"cameraMode":{"drawMode":0,"name":"Shaded","section":"Shading Mode"},"sceneLighting":false,"audioPlay":false,"sceneViewState":{"m_AlwaysRefresh":true,"showFog":true,"showSkybox":false,"showFlares":true,"showImageEffects":true,"showParticleSystems":true,"showVisualEffectGraphs":true,"m_FxEnabled":true},"in2DMode":false,"pivot":{"x":1.0967822074890137,"y":-0.7501068115234375,"z":-5.593642234802246},"rotation":{"x":0.019914492964744569,"y":0.977817714214325,"z":-0.17873749136924745,"w":0.10834924876689911},"size":5.737796306610107,"orthographic":false}