{"cameraMode":{"drawMode":0,"name":"Shaded","section":"Shading Mode"},"sceneLighting":false,"audioPlay":false,"sceneViewState":{"m_AlwaysRefresh":true,"showFog":true,"showSkybox":false,"showFlares":true,"showImageEffects":true,"showParticleSystems":true,"showVisualEffectGraphs":true,"m_FxEnabled":true},"in2DMode":false,"pivot":{"x":0.38015270233154299,"y":-2.489438533782959,"z":-4.628886699676514},"rotation":{"x":0.004011321812868118,"y":0.9528691172599793,"z":-0.3034520447254181,"w":0.012237012386322022},"size":4.811493873596191,"orthographic":false}