{"cameraMode":{"drawMode":0,"name":"Shaded","section":"Shading Mode"},"sceneLighting":false,"audioPlay":false,"sceneViewState":{"m_AlwaysRefresh":true,"showFog":true,"showSkybox":false,"showFlares":true,"showImageEffects":true,"showParticleSystems":true,"showVisualEffectGraphs":true,"m_FxEnabled":true},"in2DMode":false,"pivot":{"x":-0.059053629636764529,"y":0.07815435528755188,"z":0.06509873270988465},"rotation":{"x":-0.08826234936714173,"y":0.7985784411430359,"z":-0.07032950222492218,"w":-0.5936729907989502},"size":0.17702999711036683,"orthographic":false}