{"cameraMode":{"drawMode":0,"name":"Shaded","section":"Shading Mode"},"sceneLighting":false,"audioPlay":false,"sceneViewState":{"m_AlwaysRefresh":true,"showFog":true,"showSkybox":false,"showFlares":true,"showImageEffects":true,"showParticleSystems":true,"showVisualEffectGraphs":true,"m_FxEnabled":true},"in2DMode":false,"pivot":{"x":3.2315316200256349,"y":0.5462344288825989,"z":1.6082979440689088},"rotation":{"x":0.05165215954184532,"y":-0.9728550910949707,"z":0.1944960057735443,"w":0.130486398935318},"size":0.8043953776359558,"orthographic":false}