{"cameraMode":{"drawMode":0,"name":"Shaded","section":"Shading Mode"},"sceneLighting":false,"audioPlay":false,"sceneViewState":{"m_AlwaysRefresh":true,"showFog":true,"showSkybox":false,"showFlares":true,"showImageEffects":true,"showParticleSystems":true,"showVisualEffectGraphs":true,"m_FxEnabled":true},"in2DMode":false,"pivot":{"x":-0.1312316507101059,"y":1.3470410108566285,"z":-0.10108628869056702},"rotation":{"x":-0.08314294368028641,"y":0.9416100382804871,"z":-0.17885152995586396,"w":-0.27818432450294497},"size":1.4291529655456544,"orthographic":false}