{"cameraMode":{"drawMode":0,"name":"Shaded","section":"Shading Mode"},"sceneLighting":false,"audioPlay":false,"sceneViewState":{"m_AlwaysRefresh":true,"showFog":true,"showSkybox":false,"showFlares":true,"showImageEffects":true,"showParticleSystems":true,"showVisualEffectGraphs":true,"m_FxEnabled":true},"in2DMode":false,"pivot":{"x":-0.5869518518447876,"y":1.634120225906372,"z":1.1935826539993287},"rotation":{"x":-0.029463503509759904,"y":-0.9152093529701233,"z":0.13350659608840943,"w":-0.38418278098106387},"size":0.7326944470405579,"orthographic":false}