{"cameraMode":{"drawMode":0,"name":"Shaded","section":"Shading Mode"},"sceneLighting":false,"audioPlay":false,"sceneViewState":{"m_AlwaysRefresh":true,"showFog":true,"showSkybox":false,"showFlares":true,"showImageEffects":true,"showParticleSystems":true,"showVisualEffectGraphs":true,"m_FxEnabled":true},"in2DMode":false,"pivot":{"x":-0.9104681015014648,"y":0.33331817388534548,"z":0.7182521820068359},"rotation":{"x":0.09156538546085358,"y":-0.6406410932540894,"z":0.042126260697841647,"w":0.76366126537323},"size":1.350306749343872,"orthographic":false}