{"cameraMode":{"drawMode":0,"name":"Shaded","section":"Shading Mode"},"sceneLighting":false,"audioPlay":false,"sceneViewState":{"m_AlwaysRefresh":true,"showFog":true,"showSkybox":false,"showFlares":true,"showImageEffects":true,"showParticleSystems":true,"showVisualEffectGraphs":true,"m_FxEnabled":true},"in2DMode":false,"pivot":{"x":3.5762786865234377e-7,"y":0.8598677515983582,"z":-0.03012910485267639},"rotation":{"x":0.03599262982606888,"y":-0.9547165632247925,"z":0.2986549735069275,"w":0.036203041672706607},"size":1.4410120248794556,"orthographic":false}