{"cameraMode":{"drawMode":0,"name":"Shaded","section":"Shading Mode"},"sceneLighting":false,"audioPlay":false,"sceneViewState":{"m_AlwaysRefresh":true,"showFog":true,"showSkybox":false,"showFlares":true,"showImageEffects":true,"showParticleSystems":true,"showVisualEffectGraphs":true,"m_FxEnabled":true},"in2DMode":false,"pivot":{"x":-0.28434598445892336,"y":-0.5529837012290955,"z":0.06528677046298981},"rotation":{"x":-0.3184213936328888,"y":0.14831815659999848,"z":-0.051313307136297229,"w":-0.9351605772972107},"size":2.4595119953155519,"orthographic":false}