{"cameraMode":{"drawMode":0,"name":"Shaded","section":"Shading Mode"},"sceneLighting":false,"audioPlay":false,"sceneViewState":{"m_AlwaysRefresh":true,"showFog":true,"showSkybox":false,"showFlares":true,"showImageEffects":true,"showParticleSystems":true,"showVisualEffectGraphs":true,"m_FxEnabled":true},"in2DMode":false,"pivot":{"x":0.0020258426666259767,"y":0.14097976684570313,"z":-0.013753652572631836},"rotation":{"x":0.2573508024215698,"y":-0.438715398311615,"z":0.10816396027803421,"w":0.8561965823173523},"size":2.5135586261749269,"orthographic":false}