{"cameraMode":{"drawMode":0,"name":"Shaded","section":"Shading Mode"},"sceneLighting":false,"audioPlay":false,"sceneViewState":{"m_AlwaysRefresh":true,"showFog":true,"showSkybox":false,"showFlares":true,"showImageEffects":true,"showParticleSystems":true,"showVisualEffectGraphs":true,"m_FxEnabled":true},"in2DMode":false,"pivot":{"x":0.0303419828414917,"y":0.41697442531585696,"z":0.023511886596679689},"rotation":{"x":0.2573508024215698,"y":-0.438715398311615,"z":0.10816396027803421,"w":0.8561965823173523},"size":1.1166166067123414,"orthographic":false}