{"cameraMode":{"drawMode":0,"name":"Shaded","section":"Shading Mode"},"sceneLighting":false,"audioPlay":false,"sceneViewState":{"m_AlwaysRefresh":true,"showFog":true,"showSkybox":false,"showFlares":true,"showImageEffects":true,"showParticleSystems":true,"showVisualEffectGraphs":true,"m_FxEnabled":true},"in2DMode":false,"pivot":{"x":0.29071688652038576,"y":-0.08525383472442627,"z":1.2204716205596924},"rotation":{"x":0.30347955226898196,"y":-0.36516720056533816,"z":0.10343165695667267,"w":0.8759723901748657},"size":1.2332910299301148,"orthographic":false}