{"cameraMode":{"drawMode":0,"name":"Shaded","section":"Shading Mode"},"sceneLighting":false,"audioPlay":false,"sceneViewState":{"m_AlwaysRefresh":true,"showFog":true,"showSkybox":false,"showFlares":true,"showImageEffects":true,"showParticleSystems":true,"showVisualEffectGraphs":true,"m_FxEnabled":true},"in2DMode":false,"pivot":{"x":2.573287010192871,"y":0.34200000762939455,"z":-0.000007927417755126953},"rotation":{"x":0.0015945011982694269,"y":-0.997124195098877,"z":0.07272840291261673,"w":0.022047584876418115},"size":0.4762284755706787,"orthographic":false}