{"cameraMode":{"drawMode":0,"name":"Shaded","section":"Shading Mode"},"sceneLighting":false,"audioPlay":false,"sceneViewState":{"m_AlwaysRefresh":true,"showFog":true,"showSkybox":false,"showFlares":true,"showImageEffects":true,"showParticleSystems":true,"showVisualEffectGraphs":true,"m_FxEnabled":true},"in2DMode":false,"pivot":{"x":0.0000019073486328125,"y":1.0269105434417725,"z":-0.04928390681743622},"rotation":{"x":0.072628453373909,"y":-0.47203707695007326,"z":-0.007804847322404385,"w":-0.8802809119224548},"size":2.477609872817993,"orthographic":false}