{"cameraMode":{"drawMode":0,"name":"Shaded","section":"Shading Mode"},"sceneLighting":false,"audioPlay":false,"sceneViewState":{"m_AlwaysRefresh":true,"showFog":true,"showSkybox":false,"showFlares":true,"showImageEffects":true,"showParticleSystems":true,"showVisualEffectGraphs":true,"m_FxEnabled":true},"in2DMode":false,"pivot":{"x":-1.424149513244629,"y":0.07788445800542832,"z":0.4059953987598419},"rotation":{"x":-0.031150396913290025,"y":-0.8707878589630127,"z":0.055640242993831637,"w":-0.48753368854522707},"size":0.6077216267585754,"orthographic":false}