{"cameraMode":{"drawMode":0,"name":"Shaded","section":"Shading Mode"},"sceneLighting":false,"audioPlay":false,"sceneViewState":{"m_AlwaysRefresh":true,"showFog":true,"showSkybox":false,"showFlares":true,"showImageEffects":true,"showParticleSystems":true,"showVisualEffectGraphs":true,"m_FxEnabled":true},"in2DMode":false,"pivot":{"x":-0.4275813400745392,"y":0.7209601998329163,"z":-0.8228700757026672},"rotation":{"x":-0.10029670596122742,"y":-0.1880965679883957,"z":0.01928342878818512,"w":-0.9768615365028381},"size":0.46280473470687868,"orthographic":false}