{"cameraMode":{"drawMode":0,"name":"Shaded","section":"Shading Mode"},"sceneLighting":false,"audioPlay":false,"sceneViewState":{"m_AlwaysRefresh":true,"showFog":true,"showSkybox":false,"showFlares":true,"showImageEffects":true,"showParticleSystems":true,"showVisualEffectGraphs":true,"m_FxEnabled":true},"in2DMode":false,"pivot":{"x":0.030966997146606447,"y":0.8379101753234863,"z":0.2948148250579834},"rotation":{"x":0.2573508024215698,"y":-0.438715398311615,"z":0.10816396027803421,"w":0.8561965823173523},"size":2.9505887031555177,"orthographic":false}