{"cameraMode":{"drawMode":0,"name":"Shaded","section":"Shading Mode"},"sceneLighting":false,"audioPlay":false,"sceneViewState":{"m_AlwaysRefresh":true,"showFog":true,"showSkybox":false,"showFlares":true,"showImageEffects":true,"showParticleSystems":true,"showVisualEffectGraphs":true,"m_FxEnabled":true},"in2DMode":false,"pivot":{"x":0.8592474460601807,"y":0.840760350227356,"z":0.8828492164611816},"rotation":{"x":0.044220004230737689,"y":-0.8777097463607788,"z":0.08257801085710526,"w":0.4699721336364746},"size":0.687934935092926,"orthographic":false}