{"cameraMode":{"drawMode":0,"name":"Shaded","section":"Shading Mode"},"sceneLighting":false,"audioPlay":false,"sceneViewState":{"m_AlwaysRefresh":true,"showFog":true,"showSkybox":false,"showFlares":true,"showImageEffects":true,"showParticleSystems":true,"showVisualEffectGraphs":true,"m_FxEnabled":true},"in2DMode":false,"pivot":{"x":-0.41796812415122988,"y":0.5249214172363281,"z":1.3131375312805176},"rotation":{"x":0.05414317548274994,"y":-0.9353464841842651,"z":0.30872786045074465,"w":0.1640329211950302},"size":0.687934935092926,"orthographic":false}