{"cameraMode":{"drawMode":0,"name":"Shaded","section":"Shading Mode"},"sceneLighting":false,"audioPlay":false,"sceneViewState":{"m_AlwaysRefresh":true,"showFog":true,"showSkybox":false,"showFlares":true,"showImageEffects":true,"showParticleSystems":true,"showVisualEffectGraphs":true,"m_FxEnabled":true},"in2DMode":false,"pivot":{"x":-0.4534788131713867,"y":2.8062798976898195,"z":3.854588270187378},"rotation":{"x":0.0005294930888339877,"y":-0.9791166186332703,"z":0.20338405668735505,"w":0.0025508757680654527},"size":0.1431223601102829,"orthographic":false}