{"cameraMode":{"drawMode":0,"name":"Shaded","section":"Shading Mode"},"sceneLighting":false,"audioPlay":false,"sceneViewState":{"m_AlwaysRefresh":true,"showFog":true,"showSkybox":false,"showFlares":true,"showImageEffects":true,"showParticleSystems":true,"showVisualEffectGraphs":true,"m_FxEnabled":true},"in2DMode":false,"pivot":{"x":7.455376625061035,"y":-1.9194104671478272,"z":-247.7540740966797},"rotation":{"x":0.001844243728555739,"y":0.05632023140788078,"z":0.024722455069422723,"w":-1.0000519752502442},"size":9.550000190734864,"orthographic":false}