{"cameraMode":{"drawMode":0,"name":"Shaded","section":"Shading Mode"},"sceneLighting":false,"audioPlay":false,"sceneViewState":{"m_AlwaysRefresh":true,"showFog":true,"showSkybox":false,"showFlares":true,"showImageEffects":true,"showParticleSystems":true,"showVisualEffectGraphs":true,"m_FxEnabled":true},"in2DMode":false,"pivot":{"x":0.0007568597793579102,"y":0.610874593257904,"z":-0.07043005526065827},"rotation":{"x":-0.022792506963014604,"y":0.7300561666488648,"z":-0.025661829859018327,"w":-0.6829026937484741},"size":0.7762888073921204,"orthographic":false}