{"cameraMode":{"drawMode":0,"name":"Shaded","section":"Shading Mode"},"sceneLighting":false,"audioPlay":false,"sceneViewState":{"m_AlwaysRefresh":true,"showFog":true,"showSkybox":false,"showFlares":true,"showImageEffects":true,"showParticleSystems":true,"showVisualEffectGraphs":true,"m_FxEnabled":true},"in2DMode":false,"pivot":{"x":-1.2349987030029297,"y":3.4382927417755129,"z":-4.33034610748291},"rotation":{"x":-0.05299677327275276,"y":-0.10446004569530487,"z":0.024829089641571046,"w":-0.9946514964103699},"size":1.5723549127578736,"orthographic":false}