{"cameraMode":{"drawMode":0,"name":"Shaded","section":"Shading Mode"},"sceneLighting":false,"audioPlay":false,"sceneViewState":{"m_AlwaysRefresh":true,"showFog":true,"showSkybox":false,"showFlares":true,"showImageEffects":true,"showParticleSystems":true,"showVisualEffectGraphs":true,"m_FxEnabled":true},"in2DMode":false,"pivot":{"x":0.09816043823957443,"y":0.4827432334423065,"z":-0.1371953934431076},"rotation":{"x":-0.0008197864517569542,"y":0.9984467625617981,"z":0.05466165766119957,"w":0.015469666570425034},"size":0.45354163646698,"orthographic":false}