{"cameraMode":{"drawMode":0,"name":"Shaded","section":"Shading Mode"},"sceneLighting":false,"audioPlay":false,"sceneViewState":{"m_AlwaysRefresh":true,"showFog":true,"showSkybox":false,"showFlares":true,"showImageEffects":true,"showParticleSystems":true,"showVisualEffectGraphs":true,"m_FxEnabled":true},"in2DMode":false,"pivot":{"x":18.506290435791017,"y":17.71327018737793,"z":20.901992797851564},"rotation":{"x":0.12270638346672058,"y":-0.8946323990821838,"z":0.25080856680870058,"w":0.3540249168872833},"size":0.0005173205281607807,"orthographic":false}