{"cameraMode":{"drawMode":0,"name":"Shaded","section":"Shading Mode"},"sceneLighting":true,"audioPlay":false,"sceneViewState":{"m_AlwaysRefresh":true,"showFog":true,"showSkybox":false,"showFlares":true,"showImageEffects":true,"showParticleSystems":true,"showVisualEffectGraphs":true,"m_FxEnabled":true},"in2DMode":false,"pivot":{"x":-0.3850374221801758,"y":3.605433464050293,"z":0.40989112854003909},"rotation":{"x":-0.009389154613018036,"y":-0.890995442867279,"z":-0.07121877372264862,"w":0.4526030719280243},"size":5.956630706787109,"orthographic":false}