{"cameraMode":{"drawMode":0,"name":"Shaded","section":"Shading Mode"},"sceneLighting":false,"audioPlay":false,"sceneViewState":{"m_AlwaysRefresh":true,"showFog":true,"showSkybox":false,"showFlares":true,"showImageEffects":true,"showParticleSystems":true,"showVisualEffectGraphs":true,"m_FxEnabled":true},"in2DMode":false,"pivot":{"x":0.11869624257087708,"y":1.3077560663223267,"z":-1.2522385120391846},"rotation":{"x":0.0007253048825077713,"y":0.9997280836105347,"z":-0.0313083678483963,"w":0.002446928061544895},"size":1.3656638860702515,"orthographic":false}