{"cameraMode":{"drawMode":0,"name":"Shaded","section":"Shading Mode"},"sceneLighting":false,"audioPlay":false,"sceneViewState":{"m_AlwaysRefresh":true,"showFog":true,"showSkybox":false,"showFlares":true,"showImageEffects":true,"showParticleSystems":true,"showVisualEffectGraphs":true,"m_FxEnabled":true},"in2DMode":false,"pivot":{"x":1.3838672637939454,"y":-0.1591106802225113,"z":0.07457029819488526},"rotation":{"x":0.03329622372984886,"y":0.678439199924469,"z":-0.029983848333358766,"w":0.7335937023162842},"size":0.935218870639801,"orthographic":false}