{"cameraMode":{"drawMode":0,"name":"Shaded","section":"Shading Mode"},"sceneLighting":false,"audioPlay":false,"sceneViewState":{"m_AlwaysRefresh":true,"showFog":true,"showSkybox":false,"showFlares":true,"showImageEffects":true,"showParticleSystems":true,"showVisualEffectGraphs":true,"m_FxEnabled":true},"in2DMode":false,"pivot":{"x":0.2843964695930481,"y":1.601151466369629,"z":-0.6372052431106567},"rotation":{"x":0.08061337471008301,"y":-0.045152802020311359,"z":0.004662397317588329,"w":0.9959779381752014},"size":0.3084617555141449,"orthographic":false}