{"cameraMode":{"drawMode":0,"name":"Shaded","section":"Shading Mode"},"sceneLighting":false,"audioPlay":false,"sceneViewState":{"m_AlwaysRefresh":true,"showFog":true,"showSkybox":false,"showFlares":true,"showImageEffects":true,"showParticleSystems":true,"showVisualEffectGraphs":true,"m_FxEnabled":true},"in2DMode":false,"pivot":{"x":0.11509138345718384,"y":1.267881155014038,"z":0.004698753356933594},"rotation":{"x":0.014766344800591469,"y":0.11051517724990845,"z":-0.028195559978485109,"w":0.9953358173370361},"size":1.545782208442688,"orthographic":false}