{"cameraMode":{"drawMode":0,"name":"Shaded","section":"Shading Mode"},"sceneLighting":true,"audioPlay":false,"sceneViewState":{"m_AlwaysRefresh":true,"showFog":true,"showSkybox":true,"showFlares":true,"showImageEffects":true,"showParticleSystems":true,"showVisualEffectGraphs":true,"m_FxEnabled":true},"in2DMode":false,"pivot":{"x":539.3008422851563,"y":-23.412817001342775,"z":2334.764404296875},"rotation":{"x":-0.08074147999286652,"y":-0.008967078290879727,"z":-0.00008933234494179487,"w":-0.9969161152839661},"size":1494.5179443359375,"orthographic":false}