{"cameraMode":{"drawMode":0,"name":"Shaded","section":"Shading Mode"},"sceneLighting":true,"audioPlay":false,"sceneViewState":{"m_AlwaysRefresh":true,"showFog":true,"showSkybox":true,"showFlares":true,"showImageEffects":true,"showParticleSystems":true,"showVisualEffectGraphs":true,"m_FxEnabled":true},"in2DMode":false,"pivot":{"x":88.2592544555664,"y":6.089027404785156,"z":12.241808891296387},"rotation":{"x":-0.0012736202916130424,"y":-0.8357000946998596,"z":-0.0011878468794748188,"w":0.5495010018348694},"size":2.3689963817596437,"orthographic":false}