{"cameraMode":{"drawMode":0,"name":"Shaded","section":"Shading Mode"},"sceneLighting":true,"audioPlay":false,"sceneViewState":{"m_AlwaysRefresh":true,"showFog":true,"showSkybox":true,"showFlares":true,"showImageEffects":true,"showParticleSystems":true,"showVisualEffectGraphs":true,"m_FxEnabled":true},"in2DMode":false,"pivot":{"x":83.42498779296875,"y":2.781951665878296,"z":-0.4740396738052368},"rotation":{"x":-0.0075224521569907669,"y":-0.33324000239372256,"z":-0.0018041189759969712,"w":0.9430397152900696},"size":18.085411071777345,"orthographic":false}