{"cameraMode":{"drawMode":0,"name":"Shaded","section":"Shading Mode"},"sceneLighting":true,"audioPlay":false,"sceneViewState":{"m_AlwaysRefresh":true,"showFog":true,"showSkybox":true,"showFlares":true,"showImageEffects":true,"showParticleSystems":true,"showVisualEffectGraphs":true,"m_FxEnabled":true},"in2DMode":false,"pivot":{"x":-16.8710994720459,"y":-12.814281463623047,"z":108.93342590332031},"rotation":{"x":0.11805637180805206,"y":-0.0005805630353279412,"z":0.0008273179410025477,"w":0.9932190775871277},"size":93.62883758544922,"orthographic":false}