{"cameraMode":{"drawMode":0,"name":"Shaded","section":"Shading Mode"},"sceneLighting":true,"audioPlay":false,"sceneViewState":{"m_AlwaysRefresh":true,"showFog":true,"showSkybox":true,"showFlares":true,"showImageEffects":true,"showParticleSystems":true,"showVisualEffectGraphs":true,"m_FxEnabled":true},"in2DMode":false,"pivot":{"x":-29.77095603942871,"y":-17.648530960083009,"z":19.686885833740236},"rotation":{"x":0.25862547755241396,"y":-0.5058759450912476,"z":0.16239529848098756,"w":0.8068699240684509},"size":22.913827896118165,"orthographic":false}