{"cameraMode":{"drawMode":0,"name":"Shaded","section":"Shading Mode"},"sceneLighting":true,"audioPlay":false,"sceneViewState":{"m_AlwaysRefresh":true,"showFog":true,"showSkybox":true,"showFlares":true,"showImageEffects":true,"showParticleSystems":true,"showVisualEffectGraphs":true,"m_FxEnabled":true},"in2DMode":false,"pivot":{"x":25.015039443969728,"y":-17.070058822631837,"z":191.0105743408203},"rotation":{"x":-0.07644730806350708,"y":-0.08785850554704666,"z":0.0066441986709833149,"w":-0.9932113885879517},"size":110.72455596923828,"orthographic":false}