{"cameraMode":{"drawMode":0,"name":"Shaded","section":"Shading Mode"},"sceneLighting":true,"audioPlay":false,"sceneViewState":{"m_AlwaysRefresh":true,"showFog":true,"showSkybox":true,"showFlares":true,"showImageEffects":true,"showParticleSystems":true,"showVisualEffectGraphs":true,"m_FxEnabled":true},"in2DMode":false,"pivot":{"x":-20.20261573791504,"y":1.5446263551712037,"z":-18.660921096801759},"rotation":{"x":0.12945711612701417,"y":-0.0850311890244484,"z":0.011253677308559418,"w":0.987913966178894},"size":1.6008574962615967,"orthographic":false}