{"cameraMode":{"drawMode":0,"name":"Shaded","section":"Shading Mode"},"sceneLighting":true,"audioPlay":false,"sceneViewState":{"m_AlwaysRefresh":true,"showFog":true,"showSkybox":true,"showFlares":true,"showImageEffects":true,"showParticleSystems":true,"showVisualEffectGraphs":true,"m_FxEnabled":true},"in2DMode":false,"pivot":{"x":7.036816596984863,"y":1.2852399349212647,"z":-4.7029218673706059},"rotation":{"x":-0.18189479410648347,"y":0.5381805896759033,"z":-0.12024048715829849,"w":-0.8141421675682068},"size":17.094648361206056,"orthographic":false}