{"cameraMode":{"drawMode":0,"name":"Shaded","section":"Shading Mode"},"sceneLighting":true,"audioPlay":false,"sceneViewState":{"m_AlwaysRefresh":true,"showFog":true,"showSkybox":true,"showFlares":true,"showImageEffects":true,"showParticleSystems":true,"showVisualEffectGraphs":true,"m_FxEnabled":true},"in2DMode":false,"pivot":{"x":-1445.2301025390625,"y":-907.9494018554688,"z":2561.947509765625},"rotation":{"x":0.14686278998851777,"y":-0.24807286262512208,"z":0.03809657320380211,"w":0.9568095803260803},"size":1544.998779296875,"orthographic":false}