{"cameraMode":{"drawMode":0,"name":"Shaded","section":"Shading Mode"},"sceneLighting":true,"audioPlay":false,"sceneViewState":{"m_AlwaysRefresh":true,"showFog":true,"showSkybox":true,"showFlares":true,"showImageEffects":true,"showParticleSystems":true,"showVisualEffectGraphs":true,"m_FxEnabled":true},"in2DMode":false,"pivot":{"x":-98.78015899658203,"y":-0.04157733917236328,"z":-3.3778600692749025},"rotation":{"x":-0.10277578979730606,"y":0.7644153237342835,"z":-0.12599925696849824,"w":-0.6240487694740295},"size":22.913827896118165,"orthographic":false}