{"cameraMode":{"drawMode":0,"name":"Shaded","section":"Shading Mode"},"sceneLighting":false,"audioPlay":false,"sceneViewState":{"m_AlwaysRefresh":true,"showFog":true,"showSkybox":false,"showFlares":true,"showImageEffects":true,"showParticleSystems":true,"showVisualEffectGraphs":true,"m_FxEnabled":true},"in2DMode":false,"pivot":{"x":-0.38621842861175539,"y":0.7136427164077759,"z":0.050337791442871097},"rotation":{"x":-0.02791096270084381,"y":0.9663073420524597,"z":-0.11725936084985733,"w":-0.22818876802921296},"size":0.9950708746910095,"orthographic":false}