{"cameraMode":{"drawMode":0,"name":"Shaded","section":"Shading Mode"},"sceneLighting":false,"audioPlay":false,"sceneViewState":{"m_AlwaysRefresh":true,"showFog":true,"showSkybox":false,"showFlares":true,"showImageEffects":true,"showParticleSystems":true,"showVisualEffectGraphs":true,"m_FxEnabled":true},"in2DMode":false,"pivot":{"x":127.65155029296875,"y":125.07662963867188,"z":0.007220134139060974},"rotation":{"x":0.2256951779127121,"y":-0.0357300266623497,"z":0.008302546106278897,"w":0.9735288023948669},"size":0.9070576429367065,"orthographic":false}