{"cameraMode":{"drawMode":0,"name":"Shaded","section":"Shading Mode"},"sceneLighting":false,"audioPlay":false,"sceneViewState":{"m_AlwaysRefresh":true,"showFog":true,"showSkybox":false,"showFlares":true,"showImageEffects":true,"showParticleSystems":true,"showVisualEffectGraphs":true,"m_FxEnabled":true},"in2DMode":false,"pivot":{"x":-1.7078269720077515,"y":0.2867269515991211,"z":0.04859992489218712},"rotation":{"x":0.06839622557163239,"y":-0.8219143152236939,"z":0.10103186964988709,"w":0.5564162135124207},"size":1.4491630792617798,"orthographic":false}