{"cameraMode":{"drawMode":0,"name":"Shaded","section":"Shading Mode"},"sceneLighting":false,"audioPlay":false,"sceneViewState":{"m_AlwaysRefresh":true,"showFog":true,"showSkybox":false,"showFlares":true,"showImageEffects":true,"showParticleSystems":true,"showVisualEffectGraphs":true,"m_FxEnabled":true},"in2DMode":false,"pivot":{"x":0.013415655121207238,"y":-3.166818380355835,"z":-2.2189536094665529},"rotation":{"x":-0.03227749094367027,"y":0.9375221133232117,"z":-0.35055258870124819,"w":-0.006009058095514774},"size":2.1826775074005129,"orthographic":false}