{"cameraMode":{"drawMode":0,"name":"Shaded","section":"Shading Mode"},"sceneLighting":false,"audioPlay":false,"sceneViewState":{"m_AlwaysRefresh":true,"showFog":true,"showSkybox":false,"showFlares":true,"showImageEffects":true,"showParticleSystems":true,"showVisualEffectGraphs":true,"m_FxEnabled":true},"in2DMode":false,"pivot":{"x":226.04017639160157,"y":440.0183410644531,"z":-101.20713806152344},"rotation":{"x":-0.2357402741909027,"y":-0.05688999593257904,"z":0.013253058306872845,"w":-0.9702962636947632},"size":250.3375701904297,"orthographic":false}