{"cameraMode":{"drawMode":0,"name":"Shaded","section":"Shading Mode"},"sceneLighting":false,"audioPlay":false,"sceneViewState":{"m_AlwaysRefresh":true,"showFog":true,"showSkybox":false,"showFlares":true,"showImageEffects":true,"showParticleSystems":true,"showVisualEffectGraphs":true,"m_FxEnabled":true},"in2DMode":false,"pivot":{"x":488.372802734375,"y":59.11078643798828,"z":324.3259582519531},"rotation":{"x":-0.08522219210863114,"y":-0.016427291557192804,"z":0.0007723374292254448,"w":-0.9964542984962463},"size":359.95599365234377,"orthographic":false}