{"cameraMode":{"drawMode":0,"name":"Shaded","section":"Shading Mode"},"sceneLighting":false,"audioPlay":false,"sceneViewState":{"m_AlwaysRefresh":true,"showFog":true,"showSkybox":false,"showFlares":true,"showImageEffects":true,"showParticleSystems":true,"showVisualEffectGraphs":true,"m_FxEnabled":true},"in2DMode":false,"pivot":{"x":-0.2714357376098633,"y":-0.15354347229003907,"z":-0.1567974090576172},"rotation":{"x":-0.08826234936714173,"y":0.7985784411430359,"z":-0.07032950222492218,"w":-0.5936729907989502},"size":16.800657272338868,"orthographic":false}