{"cameraMode":{"drawMode":0,"name":"Shaded","section":"Shading Mode"},"sceneLighting":false,"audioPlay":false,"sceneViewState":{"m_AlwaysRefresh":true,"showFog":true,"showSkybox":false,"showFlares":true,"showImageEffects":true,"showParticleSystems":true,"showVisualEffectGraphs":true,"m_FxEnabled":true},"in2DMode":false,"pivot":{"x":-77.89083862304688,"y":11.716309547424317,"z":10.668855667114258},"rotation":{"x":-0.08074623346328736,"y":-0.9083107709884644,"z":0.20467813313007356,"w":-0.3562227189540863},"size":1.5405364036560059,"orthographic":false}