{"cameraMode":{"drawMode":0,"name":"Shaded","section":"Shading Mode"},"sceneLighting":false,"audioPlay":false,"sceneViewState":{"m_AlwaysRefresh":true,"showFog":true,"showSkybox":false,"showFlares":true,"showImageEffects":true,"showParticleSystems":true,"showVisualEffectGraphs":true,"m_FxEnabled":true},"in2DMode":false,"pivot":{"x":-1.2451289892196656,"y":0.16629569232463838,"z":-0.42012158036231997},"rotation":{"x":-0.06404589861631394,"y":-0.9061899781227112,"z":0.21627163887023927,"w":-0.36251527070999148},"size":2.0223910808563234,"orthographic":false}