{"cameraMode":{"drawMode":0,"name":"Shaded","section":"Shading Mode"},"sceneLighting":false,"audioPlay":false,"sceneViewState":{"m_AlwaysRefresh":true,"showFog":true,"showSkybox":false,"showFlares":true,"showImageEffects":true,"showParticleSystems":true,"showVisualEffectGraphs":true,"m_FxEnabled":true},"in2DMode":false,"pivot":{"x":-1.3814516067504883,"y":-0.4186996519565582,"z":-1.4993501901626588},"rotation":{"x":0.12845005095005036,"y":-0.8946182727813721,"z":0.2735886871814728,"w":0.33405518531799319},"size":2.167680501937866,"orthographic":false}