{"cameraMode":{"drawMode":0,"name":"Shaded","section":"Shading Mode"},"sceneLighting":false,"audioPlay":false,"sceneViewState":{"m_AlwaysRefresh":true,"showFog":true,"showSkybox":false,"showFlares":true,"showImageEffects":true,"showParticleSystems":true,"showVisualEffectGraphs":true,"m_FxEnabled":true},"in2DMode":false,"pivot":{"x":2.046297311782837,"y":0.015673233196139337,"z":0.1664552390575409},"rotation":{"x":-0.0007858123863115907,"y":0.682387113571167,"z":0.0016388649819418789,"w":0.731280505657196},"size":1.3656638860702515,"orthographic":false}