{"cameraMode":{"drawMode":0,"name":"Shaded","section":"Shading Mode"},"sceneLighting":false,"audioPlay":false,"sceneViewState":{"m_AlwaysRefresh":true,"showFog":true,"showSkybox":false,"showFlares":true,"showImageEffects":true,"showParticleSystems":true,"showVisualEffectGraphs":true,"m_FxEnabled":true},"in2DMode":false,"pivot":{"x":-0.021834850311279298,"y":0.8868292570114136,"z":0.13331398367881776},"rotation":{"x":0.0025628292933106424,"y":0.9663657546043396,"z":-0.25790438055992129,"w":0.006527488585561514},"size":0.9536123871803284,"orthographic":false}