{"cameraMode":{"drawMode":0,"name":"Shaded","section":"Shading Mode"},"sceneLighting":false,"audioPlay":false,"sceneViewState":{"m_AlwaysRefresh":true,"showFog":true,"showSkybox":false,"showFlares":true,"showImageEffects":true,"showParticleSystems":true,"showVisualEffectGraphs":true,"m_FxEnabled":true},"in2DMode":false,"pivot":{"x":0.5761176347732544,"y":0.18331129848957063,"z":-0.5271918773651123},"rotation":{"x":-0.00862056016921997,"y":0.8556966781616211,"z":0.01605028472840786,"w":0.5175708532333374},"size":0.9536123871803284,"orthographic":false}