{"cameraMode":{"drawMode":0,"name":"Shaded","section":"Shading Mode"},"sceneLighting":false,"audioPlay":false,"sceneViewState":{"m_AlwaysRefresh":true,"showFog":true,"showSkybox":false,"showFlares":true,"showImageEffects":true,"showParticleSystems":true,"showVisualEffectGraphs":true,"m_FxEnabled":true},"in2DMode":false,"pivot":{"x":-0.03387093544006348,"y":-0.008195161819458008,"z":-0.10025978088378906},"rotation":{"x":-0.08826234936714173,"y":0.7985784411430359,"z":-0.07032950222492218,"w":-0.5936729907989502},"size":4.281128406524658,"orthographic":false}