{"cameraMode":{"drawMode":0,"name":"Shaded","section":"Shading Mode"},"sceneLighting":false,"audioPlay":false,"sceneViewState":{"m_AlwaysRefresh":true,"showFog":true,"showSkybox":false,"showFlares":true,"showImageEffects":true,"showParticleSystems":true,"showVisualEffectGraphs":true,"m_FxEnabled":true},"in2DMode":false,"pivot":{"x":0.044983625411987308,"y":0.9379744529724121,"z":-0.06331729888916016},"rotation":{"x":0.010196263901889325,"y":-0.9608784914016724,"z":0.27454674243927,"w":0.03566884249448776},"size":1.5047675371170045,"orthographic":false}