{"cameraMode":{"drawMode":0,"name":"Shaded","section":"Shading Mode"},"sceneLighting":false,"audioPlay":false,"sceneViewState":{"m_AlwaysRefresh":true,"showFog":true,"showSkybox":false,"showFlares":true,"showImageEffects":true,"showParticleSystems":true,"showVisualEffectGraphs":true,"m_FxEnabled":true},"in2DMode":false,"pivot":{"x":-1.1144194602966309,"y":-0.0661415234208107,"z":0.19606487452983857},"rotation":{"x":0.10501259565353394,"y":-0.7985554933547974,"z":0.14598090946674348,"w":0.5744547247886658},"size":1.2663180828094483,"orthographic":false}