{"cameraMode":{"drawMode":0,"name":"Shaded","section":"Shading Mode"},"sceneLighting":false,"audioPlay":false,"sceneViewState":{"m_AlwaysRefresh":true,"showFog":true,"showSkybox":false,"showFlares":true,"showImageEffects":true,"showParticleSystems":true,"showVisualEffectGraphs":true,"m_FxEnabled":true},"in2DMode":false,"pivot":{"x":-0.06957121938467026,"y":0.5888331532478333,"z":0.793294370174408},"rotation":{"x":-0.058090995997190478,"y":0.9401238560676575,"z":-0.20561331510543824,"w":-0.265778511762619},"size":0.3233305513858795,"orthographic":false}