{"cameraMode":{"drawMode":0,"name":"Shaded","section":"Shading Mode"},"sceneLighting":false,"audioPlay":false,"sceneViewState":{"m_AlwaysRefresh":true,"showFog":true,"showSkybox":false,"showFlares":true,"showImageEffects":true,"showParticleSystems":true,"showVisualEffectGraphs":true,"m_FxEnabled":true},"in2DMode":false,"pivot":{"x":0.03561556339263916,"y":0.32887834310531618,"z":0.0944400429725647},"rotation":{"x":0.023782901465892793,"y":-0.03512230142951012,"z":0.0011579414131119848,"w":0.9992622137069702},"size":1.0671676397323609,"orthographic":false}