{"cameraMode":{"drawMode":0,"name":"Shaded","section":"Shading Mode"},"sceneLighting":false,"audioPlay":false,"sceneViewState":{"m_AlwaysRefresh":true,"showFog":true,"showSkybox":false,"showFlares":true,"showImageEffects":true,"showParticleSystems":true,"showVisualEffectGraphs":true,"m_FxEnabled":true},"in2DMode":false,"pivot":{"x":76.79434967041016,"y":-26.799030303955079,"z":194.29653930664063},"rotation":{"x":0.07607836276292801,"y":0.06963155418634415,"z":-0.005062431562691927,"w":0.9948192238807678},"size":100.40916442871094,"orthographic":false}