{"cameraMode":{"drawMode":0,"name":"Shaded","section":"Shading Mode"},"sceneLighting":false,"audioPlay":false,"sceneViewState":{"m_AlwaysRefresh":true,"showFog":true,"showSkybox":false,"showFlares":true,"showImageEffects":true,"showParticleSystems":true,"showVisualEffectGraphs":true,"m_FxEnabled":true},"in2DMode":false,"pivot":{"x":-0.13255427777767182,"y":0.1259108930826187,"z":0.029590599238872529},"rotation":{"x":0.009811042807996273,"y":-0.9830434322357178,"z":0.14135368168354035,"w":-0.12883932888507844},"size":1.2438093423843384,"orthographic":false}