{"cameraMode":{"drawMode":0,"name":"Shaded","section":"Shading Mode"},"sceneLighting":false,"audioPlay":false,"sceneViewState":{"m_AlwaysRefresh":true,"showFog":true,"showSkybox":false,"showFlares":true,"showImageEffects":true,"showParticleSystems":true,"showVisualEffectGraphs":true,"m_FxEnabled":true},"in2DMode":false,"pivot":{"x":0.030603647232055665,"y":-0.08772432804107666,"z":0.059301137924194339},"rotation":{"x":-0.017708683386445047,"y":0.07347896695137024,"z":-0.0020323621574789287,"w":-0.9974119663238525},"size":1.6785080432891846,"orthographic":false}