{"cameraMode":{"drawMode":0,"name":"Shaded","section":"Shading Mode"},"sceneLighting":false,"audioPlay":false,"sceneViewState":{"m_AlwaysRefresh":true,"showFog":true,"showSkybox":false,"showFlares":true,"showImageEffects":true,"showParticleSystems":true,"showVisualEffectGraphs":true,"m_FxEnabled":true},"in2DMode":false,"pivot":{"x":-0.0011292099952697754,"y":0.5588915944099426,"z":-0.17135602235794068},"rotation":{"x":0.0559576041996479,"y":-0.942086398601532,"z":0.26307472586631777,"w":0.20041196048259736},"size":0.9439895153045654,"orthographic":false}