{"cameraMode":{"drawMode":0,"name":"Shaded","section":"Shading Mode"},"sceneLighting":false,"audioPlay":false,"sceneViewState":{"m_AlwaysRefresh":true,"showFog":true,"showSkybox":false,"showFlares":true,"showImageEffects":true,"showParticleSystems":true,"showVisualEffectGraphs":true,"m_FxEnabled":true},"in2DMode":false,"pivot":{"x":0.13360726833343507,"y":-0.3672856092453003,"z":0.643809974193573},"rotation":{"x":0.34711402654647829,"y":-0.43524613976478579,"z":0.16041721403598786,"w":0.8171979784965515},"size":1.169175624847412,"orthographic":false}