{"cameraMode":{"drawMode":0,"name":"Shaded","section":"Shading Mode"},"sceneLighting":false,"audioPlay":false,"sceneViewState":{"m_AlwaysRefresh":true,"showFog":true,"showSkybox":false,"showFlares":true,"showImageEffects":true,"showParticleSystems":true,"showVisualEffectGraphs":true,"m_FxEnabled":true},"in2DMode":false,"pivot":{"x":0.003996998071670532,"y":0.07079434394836426,"z":0.030191659927368165},"rotation":{"x":0.30347955226898196,"y":-0.36516720056533816,"z":0.10343165695667267,"w":0.8759723901748657},"size":1.0427055358886719,"orthographic":false}