{"cameraMode":{"drawMode":0,"name":"Shaded","section":"Shading Mode"},"sceneLighting":false,"audioPlay":false,"sceneViewState":{"m_AlwaysRefresh":true,"showFog":true,"showSkybox":false,"showFlares":true,"showImageEffects":true,"showParticleSystems":true,"showVisualEffectGraphs":true,"m_FxEnabled":true},"in2DMode":false,"pivot":{"x":3.977017402648926,"y":-0.08638310432434082,"z":-11.320642471313477},"rotation":{"x":-0.014815093949437142,"y":-0.9821946620941162,"z":0.0879531279206276,"w":-0.16546183824539185},"size":7.6604485511779789,"orthographic":false}