{"cameraMode":{"drawMode":0,"name":"Shaded","section":"Shading Mode"},"sceneLighting":false,"audioPlay":false,"sceneViewState":{"m_AlwaysRefresh":true,"showFog":true,"showSkybox":false,"showFlares":true,"showImageEffects":true,"showParticleSystems":true,"showVisualEffectGraphs":true,"m_FxEnabled":true},"in2DMode":false,"pivot":{"x":0.8513860106468201,"y":0.6677935719490051,"z":0.5021766424179077},"rotation":{"x":0.12759602069854737,"y":-0.7914009690284729,"z":0.17681463062763215,"w":0.5711116790771484},"size":0.2904018759727478,"orthographic":false}