{"cameraMode":{"drawMode":0,"name":"Shaded","section":"Shading Mode"},"sceneLighting":false,"audioPlay":false,"sceneViewState":{"m_AlwaysRefresh":true,"showFog":true,"showSkybox":false,"showFlares":true,"showImageEffects":true,"showParticleSystems":true,"showVisualEffectGraphs":true,"m_FxEnabled":true},"in2DMode":false,"pivot":{"x":545.5630493164063,"y":3.6724300384521486,"z":678.9779663085938},"rotation":{"x":-0.028535157442092897,"y":0.9800055027008057,"z":-0.20683586597442628,"w":-0.004097142722457647},"size":2.598076105117798,"orthographic":false}