{"cameraMode":{"drawMode":0,"name":"Shaded","section":"Shading Mode"},"sceneLighting":false,"audioPlay":false,"sceneViewState":{"m_AlwaysRefresh":true,"showFog":true,"showSkybox":false,"showFlares":true,"showImageEffects":true,"showParticleSystems":true,"showVisualEffectGraphs":true,"m_FxEnabled":true},"in2DMode":false,"pivot":{"x":-0.005210280418395996,"y":0.02794581651687622,"z":0.04088735580444336},"rotation":{"x":-0.017708683386445047,"y":0.07347896695137024,"z":-0.0020323621574789287,"w":-0.9974119663238525},"size":1.708437442779541,"orthographic":false}