{"cameraMode":{"drawMode":0,"name":"Shaded","section":"Shading Mode"},"sceneLighting":false,"audioPlay":false,"sceneViewState":{"m_AlwaysRefresh":true,"showFog":true,"showSkybox":false,"showFlares":true,"showImageEffects":true,"showParticleSystems":true,"showVisualEffectGraphs":true,"m_FxEnabled":true},"in2DMode":false,"pivot":{"x":0.11466169357299805,"y":0.5148510336875916,"z":-0.1564265489578247},"rotation":{"x":-0.15320175886154176,"y":-0.47526848316192629,"z":0.0843963548541069,"w":-0.8623204231262207},"size":0.8616843819618225,"orthographic":false}