{"cameraMode":{"drawMode":0,"name":"Shaded","section":"Shading Mode"},"sceneLighting":false,"audioPlay":false,"sceneViewState":{"m_AlwaysRefresh":true,"showFog":true,"showSkybox":false,"showFlares":true,"showImageEffects":true,"showParticleSystems":true,"showVisualEffectGraphs":true,"m_FxEnabled":true},"in2DMode":false,"pivot":{"x":8.188364028930664,"y":6.871769905090332,"z":6.382249355316162},"rotation":{"x":-0.017708683386445047,"y":0.07347896695137024,"z":-0.0020323621574789287,"w":-0.9974119663238525},"size":7.662414073944092,"orthographic":false}