{"cameraMode":{"drawMode":0,"name":"Shaded","section":"Shading Mode"},"sceneLighting":false,"audioPlay":false,"sceneViewState":{"m_AlwaysRefresh":true,"showFog":true,"showSkybox":false,"showFlares":true,"showImageEffects":true,"showParticleSystems":true,"showVisualEffectGraphs":true,"m_FxEnabled":true},"in2DMode":false,"pivot":{"x":3.31836199760437,"y":0.31745198369026186,"z":-0.000015124678611755371},"rotation":{"x":0.000557748950086534,"y":-0.9989405870437622,"z":0.012796652503311634,"w":0.044589076191186908},"size":0.42293521761894228,"orthographic":false}