{"cameraMode":{"drawMode":0,"name":"Shaded","section":"Shading Mode"},"sceneLighting":false,"audioPlay":false,"sceneViewState":{"m_AlwaysRefresh":true,"showFog":true,"showSkybox":false,"showFlares":true,"showImageEffects":true,"showParticleSystems":true,"showVisualEffectGraphs":true,"m_FxEnabled":true},"in2DMode":false,"pivot":{"x":1.2706210613250733,"y":1.5440425872802735,"z":-0.4384891986846924},"rotation":{"x":0.41088181734085085,"y":-0.5137215852737427,"z":0.2678660452365875,"w":0.7066810727119446},"size":2.7984213829040529,"orthographic":false}